"Sweet Recovery Clinic","123 Cocoa Rd","Candyville","CA","90001"
"ChocoCare Counseling","456 Fudge St","Chocolatetown","NY","10001"
"Cocoa Health Center","789 Truffle Ln","Choco City","TX","73301"
"Chocolate Addiction Solutions","101 Caramel Ave","Sweetwater","FL","33101"
"ChocoFreedom Clinic","202 Marshmallow Blvd","Nougat City","NJ","07001"
"The Cocoa Cure Center","303 Dark Chocolate Dr","Frostville","WA","98001"
"Fudge Wellness Institute","404 White Chocolate Ct","Mocha Falls","OR","97001"
"Chocolate Dependency Center","505 Toffee Ln","Cocoa Hills","AZ","85001"
"Sweet Solutions Clinic","606 Ganache Rd","Truffleton","CO","80001"
"ChocoSurgery Specialists","707 Praline Blvd","Browntown","IL","60001"
"Caramel Recovery Clinic","808 Nougat Cir","Sugarland","GA","30301"
"Dark Chocolate Wellness Center","909 Fudge St","Mintville","VA","20101"
"ChocoTherapy Group","111 Cocoa Crescent","Sprinkletown","PA","19001"
"Sweet Escapes Counseling","222 Fudge Lane","Candy Plains","OH","43001"
"Truffle Wellness Center","333 Ganache Ave","Choco River","MI","48001"
"Cocoa Care Center","444 Toffee Terrace","Candy Ridge","NC","27501"
"Sweet Recovery Surgery","555 Cocoa Blvd","Chocolate Lake","WI","53001"
"FudgeFix Addiction Center","666 Mocha Way","Cocoa Hollow","MO","63101"
"Nougat Wellness Clinic","777 Truffle Blvd","Sugar Creek","SC","29001"
"Candy Recovery Center","888 Chocolate Rd","Choco Grove","MN","55001"
"ChocoHope Counseling","999 Cocoa St","Caramel Valley","IN","46201"
"Sweet Health Recovery","121 Fudge Ave","Sugar Plains","KS","66001"
"Toffee Wellness Center","131 Ganache Rd","Cocoa Haven","KY","40001"
"ChocoCare Surgery","141 Marshmallow Ln","Sweetville","LA","70001"
"Nougat Dependency Solutions","151 Praline Blvd","Candywood","AL","35001"
"ChocoSurgery Center","161 Toffee St","Sugar Hills","AR","72001"
"Chocolate Health Group","171 Fudge Ct","Sweet Valley","CT","06001"
"Cocoa Recovery Solutions","181 Ganache Cir","Candy Hollow","DE","19901"
"Truffle Addiction Center","191 Cocoa Rd","Nougat Lake","MT","59001"
"Fudge Wellness Surgery","201 Marshmallow Ave","Candy Hills","VT","05001"
"Sweet Path Recovery","211 Praline Ln","Choco Plains","HI","96701"
"Cocoa Freedom Counseling","221 Toffee Ct","Sugar Springs","NV","89001"
"Caramel Health Center","231 Fudge Cir","Choco Woods","OK","73001"
"Nougat Therapy Group","241 Ganache St","Candy Meadows","ME","04001"
"Cocoa Dependency Clinic","251 Cocoa Way","Nougat Ridge","NE","68001"
"Sweet Relief Health","261 Marshmallow Rd","Candy Mountain","WV","25001"
"Truffle Care Center","271 Praline Ave","Choco Forest","UT","84001"
"Chocolate Counseling Solutions","281 Fudge Blvd","Sweet Falls","NH","03001"
"Dark Chocolate Recovery","291 Cocoa St","Caramel Grove","NM","87001"
"Cocoa Hope Counseling","301 Toffee Ln","Candy Hills","ID","83201"
"Nougat Surgery Center","311 Fudge Ct","Truffle Valley","AK","99501"
"Sweet Escape Clinic","321 Ganache Ave","Caramel Plains","ND","58001"
"ChocoHealth Solutions","331 Cocoa Cir","Nougat Forest","SD","57001"
"Fudge Recovery Specialists","341 Marshmallow Rd","Candy River","MS","39001"
"Chocolate Wellness Surgery","351 Praline Blvd","Truffle Grove","MT","59002"
"Caramel Therapy Center","361 Toffee Ln","Sweet Ridge","WY","82001"
"Nougat Wellness Surgery","371 Fudge St","Candy Creek","RI","02801"
"Sweet Life Counseling","381 Ganache Cir","Cocoa Hollow","MA","01001"
"Cocoa Solutions Center","391 Marshmallow Ln","Caramel Hills","TN","37001"
"Chocolate Recovery Specialists","401 Praline Ct","Sugar Valley","IA","50001"
"ChocoCure Wellness","411 Cocoa Blvd","Caramel Woods","MD","21001"
"FudgeFix Health Center","421 Toffee Rd","Candy Springs","ND","58002"
"Nougat Recovery Solutions","431 Fudge Cir","Sweet Haven","KY","40002"
"Sweet Pathway Clinic","441 Ganache Rd","Choco Ridge","WI","53002"
"Truffle Therapy Specialists","451 Marshmallow Ct","Candy Hollow","AZ","85002"
"Chocolate Care Group","461 Praline Ln","Sugar Grove","FL","33102"
"Sweet Choice Wellness","471 Toffee Cir","Nougat Lake","MI","48002"
"ChocoHope Health","481 Fudge Ave","Sweet Plains","TX","73302"
"Caramel Freedom Center","491 Ganache Rd","Candy Valley","NY","10002"
"Cocoa Serenity Clinic","501 Cocoa Blvd","Truffle Woods","WA","98002"
"Nougat Healing Center","511 Fudge Ct","Candy River","MN","55002"
"ChocoTherapy Wellness","521 Toffee Cir","Choco Ridge","NJ","07002"
"Sweet Journey Counseling","531 Ganache St","Nougat Grove","VA","20102"
"Fudge Health Solutions","541 Cocoa Ln","Sweet Valley","SC","29002"
"Cocoa Recovery Wellness","551 Praline Blvd","Candy Falls","IL","60002"
"Sweet Freedom Solutions","561 Marshmallow Ave","Cocoa Woods","OH","43002"
"Nougat Care Clinic","571 Fudge Ln","Caramel Hollow","NC","27502"
"ChocoSurgery Center","581 Toffee Rd","Sugar Ridge","MO","63102"
"Chocolate Therapy Group","591 Cocoa Cir","Truffle Creek","GA","30302"
"Cocoa Dependency Solutions","601 Marshmallow Blvd","Candy Plains","KS","66002"
"Sweet Life Recovery","611 Praline Ln","Nougat Grove","OR","97002"
"ChocoFix Wellness","621 Ganache Rd","Cocoa Falls","AL","35002"
"Nougat Relief Specialists","631 Cocoa Way","Caramel Ridge","CT","06002"
"Sweet Escapes Therapy","641 Fudge Ln","Nougat Woods","ME","04002"
"Cocoa Support Group","651 Toffee Cir","Candy Mountain","AR","72002"
"Chocolate Wellness Specialists","661 Praline Blvd","Choco Lake","DE","19902"
"Cocoa Path Recovery","671 Fudge Ave","Nougat Forest","HI","96702"
"Fudge Recovery Center","681 Ganache Cir","Candy Plains","MT","59003"
"Nougat Therapy Clinic","691 Marshmallow Ln","Sweet Lake","VT","05002"
"Sweet Solutions Health","701 Cocoa Rd","Caramel Forest","WV","25002"
"Nougat Dependency Center","711 Fudge Cir","Candy Creek","NV","89002"
"Cocoa Freedom Wellness","721 Ganache Blvd","Choco River","MS","39002"
"Truffle Path Counseling","731 Toffee Ln","Candy Woods","RI","02802"
"CocoaHealth Clinic","741 Fudge Ave","Nougat Hills","AK","99502"
"Nougat Hope Center","751 Marshmallow Blvd","Caramel Valley","TN","37002"
"Sweet Recovery Specialists","761 Praline Rd","Sugar Forest","ND","58003"
"ChocoLife Therapy","771 Cocoa Blvd","Truffle Woods","IA","50002"
"Dark Chocolate Support Center","781 Toffee Ln","Nougat Ridge","MD","21002"