Walter Hansen,7457 Shady Ln Dr,Salt Lake City,CA,98783
Alma Tucker,6165 Mockingbird Ln,Jacksonville,FL,51811
Joann Woods,7862 Cherry St,Waxahachie,NJ,48985
Catherine Jordan,8829 Lakeview St,Richmond,DE,34630
Shawn Holland,7440 Frances Ct,Greensboro,CA,58832
Stacy Hill,3855 Oak Ridge Ln,Newark,AZ,30459
Landon Montgomery,4491 Edwards Rd,Oklahoma City,AK,85365
Mae Reid,2487 Pockrus Page Rd,Fullerton,MD,56361
Crystal Thomas,2735 W Sherman Dr,Baton Rouge,VA,44316
Billie Sutton,4087 Lone Wolf Trail,Salt Lake City,OH,98649
Gwendolyn Long,8778 E North St,Boston,MN,14531
Mark Willis,3326 Royal Ln,Helena,MN,93871
Salvador Baker,9302 Washington Ave,New Haven,TX,79127
Dave Carpenter,7978 W Campbell Ave,Visalia,UT,35230
Marian Bennett,7618 Central St,Medford,AR,72442
Guy Stephens,1086 Blossom Hill Rd,Red Bluff,AR,20896
Evelyn Fuller,4273 W Belt Line Rd,Amarillo,MD,26545
Mabel Mcdonalid,6931 Oak Ridge Ln,Cedar Rapids,AK,90431
Julia Hawkins,4025 Walnut Hill Ln,Fargo,CA,51845
Edith Duncan,7781 Robinson Rd,Winston–Salem,AK,21425
Courtney Knight,7552 Harrison Ct,Bernalillo,VT,83710
Brandon Gomez,261 Eason Rd,Lincoln,NV,70510
Jar Henry,9988 E Pecan St,Jacksonville,MI,56293
Lucy Carlson,6490 E Sandy Lake Rd,Philadelphia,MT,97824
Lily Ford,3641 E Pecan St,Augusta,DE,46509
Jeffery Richards,975 Harrison Ct,Beaumont,WV,90103
Alexander Silva,9639 Pockrus Page Rd,Antioch,NJ,97981
Marvin Bates,2830 Sunset St,Saint Paul,IA,92086
Wendy Flores,9023 Mockingbird Hill,Oxnard,NJ,34723
Wade Jacobs,4359 Marsh Ln,Coppell,MO,29950
Regina Thompson,9567 Parker Rd,Shreveport,KS,93150
Monica Bailey,6881 Rolling Green Rd,Cape Fear,PA,46987
Roger Long,4469 Rolling Green Rd,Bernalillo,HI,33933
Kent Martin,6234 Forest Ln,Miramar,IL,71796
Max Thomas,2265 Green Rd,Baltimore,MT,18012
Crystal Kennedy,1195 Karen Dr,Scurry,MA,91614
Emma Fernandez,3332 Forest Ln,Greensboro,DE,15816
Frank Payne,1271 Stevens Creek Blvd,Broken Arrow,TN,95772
Danielle Allen,6380 Railroad St,Austin,MO,16772
Norman Alexander,8766 Taylor St,Elk Grove,GA,63865
Travis Wagner,3945 Bollinger Rd,Green Bay,AR,76641
Jackie Steeves ,8472 Walnut Hill Ln,Greensboro,DE,83595
Bertha Fields,6107 Parker Rd,Fresno,CO,15424
Cameron Obrien,3661 Fairview St,Santa Ana,MN,15027
Jean Gonzales,7790 N Stelling Rd,Bozeman,MN,46738
Carolyn Schmidt,5798 Saddle Dr,York,NC,63998
Henry Richards,3506 W Belt Line Rd,Washington,NM,83493
Christian Dixon,4441 Crockett St,Huntsville,IA,64152
Jesse Anderson,8935 Hickory Creek Dr,Yakima,RI,39605
Phyllis George,8615 Locust Rd,Spokane,KY,89807
Kim Burns,194 Camden Ave,Huntsville,UT,60131
Henry Horton,3171 Ash Dr,South Valley,SC,25959
Herminia Turner,6474 Paddock Way,Edgewood,WY,72285
Christopher Murray,5987 Daisy Dr,Chattanooga,MO,29649
Renee Hughes,7593 Lakeshore Rd,Lincoln,WY,99089
Beth Alvarez,5359 Eason Rd,Oceanside,AK,47539
Alexander Warren,1793 Depaul Dr,Grapevine,WI,90819
Holly Fletcher,3916 Lakeview St,Norman,IN,60589
Yvonne Steward,3720 Walnut Hill Ln,St. Louis,MS,27946
Edith Lane,431 Country Club Rd,Fullerton,NV,64506
Enrique Curtis,785 Miller Ave,Fort Worth,IA,37374
Cassandra Marshall,6507 Parker Rd,Bakersfield,WI,63606
Erica Welch,1488 Central St,Madison,MD,38229
Ross Jensen,6922 Ash Dr,Albuquerque,TX,96075
Ron Hoffman,5803 Washington Ave,Beaumont,OR,59738
Jessica Brewer,8144 E Pecan St,Utica,HI,80466
Lester Hamilton,5376 Groveland Terrace,Worcester,PA,31472
Manuel James,335 Rolling Green Rd,Lewisville,FL,58716
Dylan Ortiz,7036 W Dallas St,Cupertino,MS,51593
Rodney Hunt,6433 Forest Ln,San Jose,ME,48939
Brian Black,7363 W Campbell Ave,Topeka,NJ,99847
Terry Terry,592 Mcgowen St,Visalia,CO,59383
Megan Baker,2441 Brown Terrace,Ann Arbor,WI,78141
Sheila Vasquez,6650 Royal Ln,Oxnard,RI,81465
Carmen Edwards,6700 Bollinger Rd,Santa Maria,DE,64933
Serenity Lopez,5083 Nowlin Rd,Corona,OH,41541
Elaine Little,9433 Hickory Creek Dr,Garland,ND,92807
Albert Boyd,8438 Nowlin Rd,Desoto,ID,26709
Andre Nichols,7335 Sunset St,Overland Park,IN,56875
Lesa Scott,4888 Elgin St,Cambridge,SC,51456
Barry Ward,9392 W Pecan St,Grand Rapids,MS,52539
Paula Curtis,4416 First Street,Chattanooga,WY,58100
Martin Fleming,1303 Depaul Dr,Irvine,DE,44657
Dwayne Kim,4535 Eason Rd,Wichita Falls,NE,22626
Paula Young,1631 W Campbell Ave,Tallahassee,NC,33278
Tracy Sims,4315 Ranchview Dr,Chesapeake,AK,16842
Sue Ford,2730 Hillcrest Rd,Frederick,CO,91196
Peyton Steeves ,5889 W Belt Line Rd,Norfolk,IL,21048
Joan Gonzales,4076 Brown Terrace,Fremont,WV,56307
Renee Peterson,8147 Oak Lawn Ave,Norwalk,MS,18765
Terri Chavez,515 First Street,Shiloh,ND,56511
Cathy West,6414 E Little York Rd,Elgin,CA,98333
Regina Austin,3640 Paddock Way,Coppell,FL,42312
Judith Kelly,8815 Northaven Rd,Palm Bay,VA,63937
Joanne Banks,6379 Paddock Way,Santa Ana,VT,45039
Sheila Adams,3807 Pockrus Page Rd,Tacoma,UT,25142
Chloe Lowe,4154 Bollinger Rd,Bakersfield,ME,41204
Catherine Lane,9268 W Dallas St,Vernon,UT,55290
Nelson Morris,9070 Adams St,Bridgeport,CA,35657
Krin Kim,8850 Adams St,Palm Bay,NV,60822
Bessie Bennett,3954 Oak Ridge Ln,Red Bluff,TX,45778
Ana Williamson,2368 W Campbell Ave,Bellevue,VA,83904
Hugh Carlson,3907 Mockingbird Hill,Red Oak,OR,87268
Taylor Pierce,7226 Miller Ave,Plano,IN,37941
Brandy Gray,8703 Avondale Ave,El Monte,WA,87751
Clyde Marshall,8668 Hillcrest Rd,Fort Worth,MS,58376
Bobby Lopez,2362 Plum St,Charleston,IL,22036
Aaron Lee,1449 Saddle Dr,Sacramento,ME,83327
Lydia Barrett,4230 W Pecan St,Chula Vista,MN,59710
Dan Watson,2877 Rolling Green Rd,Aurora,NY,23691
Beth Gutierrez,72 Lone Wolf Trail,Augusta,NM,31848
Gregory Austin,7472 Hunters Creek Dr,Miami,OK,42108
Earl Myers,4696 Oak Ridge Ln,Provo,NV,14715
Joe Ray,300 Hickory Creek Dr,Baton Rouge,ID,87997
April Myers,8133 Depaul Dr,Pembroke Pines,VT,79598
Max Mitchell,862 Lakeshore Rd,Riverside,IA,28181
Brandon Schmidt,4557 Saddle Dr,Garland,FL,20609
Jayden Mills,6643 Hickory Creek Dr,Utica,MD,87951
Hilda Armstrong,9438 Marsh Ln,Downey,VA,11347
Alfred Wells,112 W 6th St,Caldwell,VA,85209
Barry Cook,7375 Brown Terrace,Boulder,WV,90905
Clifton Ferguson,9635 Hillcrest Rd,Fresno,TX,60470
Yvonne Wright,9011 Ranchview Dr,Jackson,ME,19342
Annie Daniels,9467 Taylor St,Wichita Falls,AZ,47676
Brandie Fowler,7315 First Street,Las Cruces,NE,94227
Nicole Ross,2254 Plum St,Miami,MN,54446
Andrea Sanders,6399 W Belt Line Rd,Birmingham,AK,45333
Ronnie Miller,4545 Lakeview St,Daly City,OR,45590
Renee Rodriquez,3733 Hamilton Ave,Flowermound,VT,54779
Claudia Rogers,1048 E Little York Rd,Worcester,RI,51371
Wendy Black,3377 Ash Dr,Everett,OR,47610
Marlene Gibson,3464 Dogwood Ave,Elgin,TN,57150
Georgia Wells,5614 Thornridge Cir,Peoria,OH,74124
Jill Perry,8867 Dogwood Ave,Bridgeport,UT,59017
Chris West,9828 W Belt Line Rd,Chula Vista,IA,13459
Greg Griffin,2984 Mockingbird Hill,Shiloh,KS,71958
Jamie James,5564 Fincher Rd,Boise,TX,38301
Norma Graves,9967 Karen Dr,Pearland,NY,72746
Savannah Sutton,285 Cherry St,The Colony,OH,75520
Carl Hudson,1693 W Dallas St,Edison,SD,74120
Shelly Brown,8091 Poplar Dr,Baton Rouge,WA,30032
Victoria Stevens,6565 Rolling Green Rd,Chula Vista,AK,81198
Peter Roberts,8107 Railroad St,Orlando,CO,77415
Maxine Clark,6292 Homestead Rd,Manchester,IL,26808
Jerome Cook,4208 Plum St,Newport News,MS,86826
John Kennedy,4863 E Pecan St,Frederick,CO,50518
Todd Hunter,5576 W Campbell Ave,Miramar,DE,68696
Penny Sanchez,8479 Adams St,Flowermound,CA,74009
Ernest Mitchelle,7494 Oak Ridge Ln,Denver,TX,13090
Andrea Barnes,4858 Walnut Hill Ln,Dumas,NM,68472
Arianna Gibson,4883 Edwards Rd,Seattle,AR,53521
Sara Barrett,5625 Bollinger Rd,Greeley,NE,17793
Robin Clark,2140 Photinia Ave,St. Petersburg,MO,31621
Don Jackson,8302 Dane St,Princeton,NE,86769
Paul Holmes,1110 Saddle Dr,Athens,NY,90306
Ritthy Chavez,4969 Saddle Dr,Fremont,ME,37588
Cherly Gonzales,8103 Rolling Green Rd,Columbia,MI,86015
Dwight Schmidt,7033 Royal Ln,Coral Springs,DE,28013
Theresa Harrison,4534 Taylor St,Grapevine,UT,22965
Jamie Gregory,5925 Bollinger Rd,Surrey,AZ,80962
Martin Patterson,806 Prospect Rd,Providence,AR,79483
Ellen Terry,3837 Forest Ln,Tallahassee,OK,45530
Ben Ryan,6898 White Oak Dr,Tulsa,AR,95984
Brennan Perry,1760 W Dallas St,Worcester,AK,58720
Isaac Beck,2656 Walnut Hill Ln,San Mateo,WI,50973
Taylor Johnson,9971 First Street,Peoria,LA,27319
Jesus Berry,9790 Country Club Rd,Santa Clarita,WV,34837
Claude Mills,5898 First Street,Fargo,MO,93337
Vivan Pena,8102 Crockett St,Fresno,AZ,98415
Dylan Ortiz,4160 Cherry St,Brownsville,MI,34838
Abigail Cunningham,4609 Eason Rd,Jackson,AK,48115
Kevin Holland,9579 Mcclellan Rd,Toledo,ME,80600
Erik Spencer,2280 E Little York Rd,Fort Lauderdale,NY,32866
Alvin James,152 Dogwood Ave,Burbank,WA,14478
Gabriel Smith,3085 E North St,Eureka,TX,55694
Ross Hall,4826 E Sandy Lake Rd,Hampton,WV,37910
Clinton Wheeler,719 Shady Ln Dr,Coppell,CT,11277
Edward Jacobs,7597 E Center St,Rialto,CO,99450
Eduardo Foster,1366 Sunset St,Laredo,WV,58129
Jason Castro,9645 Blossom Hill Rd,Seagoville,OH,66951
Sheila Barnes,4185 Poplar Dr,Belen,NV,34185
Travis Carpenter,8380 Saddle Dr,Burkburnett,NC,68081
Christian Parker,5940 Stevens Creek Blvd,Provo,IA,68502
Johnni Morales,449 W Gray St,Charlotte,AZ,36291
Myrtle Flores,7879 College St,Grand Prairie,MO,78176
Shawn Martin,5577 Daisy Dr,Fort Wayne,TX,78332
Mason King,3028 Pecan Acres Ln,Stamford,AZ,64749
Randall Barnes,4273 Country Club Rd,Costa Mesa,AZ,65920
Judith Horton,3833 Hunters Creek Dr,Chattanooga,OR,11735
Seth Franklin,7452 Poplar Dr,San Francisco,NC,50927
Marie Wagner,9188 Edwards Rd,West Valley City,SD,94540
Carole Berry,6621 Spring St,Manchester,MD,32086
Mia Chapman,3125 Washington Ave,Surrey,MN,24633
Harry Nguyen,2524 Ranchview Dr,Atlanta,MS,15464
Zoe Fletcher,4794 Fairview St,Knoxville,WY,75589
George Stephens,4547 Crockett St,Tyler,SC,12082
Sherry Cooper,4464 Lakeview St,Fargo,ME,44556
Troy Edwards,1369 Adams St,Omaha,AK,47301
Alberto Richards,2095 Spring St,Lousville,IN,61676
Krin Bennett,9299 Spring Hill Rd,Pueblo,MS,24044
Jessica Davidson,2080 Central St,Bakersfield,TN,19974
Carl Mitchelle,115 Lovers Ln,Miami Gardens,MT,84212
Nellie Mcdonalid,7302 Poplar Dr,Coppell,IN,15592
Herbert Carr,4857 W Pecan St,Grapevine,LA,51677
Armando Dunn,1831 Valwood Pkwy,Milwaukee,WI,92146
Jason Gutierrez,5133 Wycliff Ave,Indianapolis,LA,60791
Deanna Steward,2920 Hunters Creek Dr,Winston–Salem,OR,54650
Shane Marshall,5054 Frances Ct,North Charleston,WV,54349
Mattie Reed,9109 Woodland St,South Bend,PA,71754
Greg Palmer,4381 Fincher Rd,Stamford,MI,70618
Harper Prescott,6326 Lakeshore Rd,Beaumont,IN,11729
Karl Myers,5784 Fincher Rd,Sacramento,GA,87576
Heidi Steeves ,1251 Nowlin Rd,Fayetteville,AK,14168
Madison Wells,2216 Eason Rd,Eugene,MT,64713
Kirk Harrison,2050 Mcgowen St,St. Louis,OK,58393
Joshua Craig,9333 Stevens Creek Blvd,Chandler,KY,95201
Virgil Perry,3836 Eason Rd,Salt Lake City,IN,22533
Sandra Medina,7294 Plum St,Roseville,LA,53227
Amanda Woods,9806 Sunset St,San Bernardino,AL,44607
Kurt Nelson,6648 Forest Ln,Port St. Lucie,CO,31591
Alex Duncan,396 N Stelling Rd,Garland,NV,55999
Tanya Thompson,1245 Parker Rd,Killeen,WA,43930
Becky Berry,260 Prospect Rd,Oceanside,IL,24452
Aaron Caldwell,1239 Woodland St,Steilacoom,AR,69898
Ricardo Patterson,5859 W 6th St,Spokane,VA,10430
Marian Brooks,3002 E Sandy Lake Rd,Vallejo,NM,54405
Sophie Rogers,970 Lovers Ln,Lewiston,NJ,35911
Allan Reed,2836 Nowlin Rd,Hialeah,HI,55169
Caleb Caldwell,6763 Avondale Ave,Beaumont,WA,48749
Earl Flores,7650 Dogwood Ave,Yonkers,AZ,10227
Claudia Fleming,1300 Miller Ave,Oakland,NM,63221
Genesis Watson,2037 W Dallas St,Grand Rapids,SC,42594
Anna Perkins,6832 E North St,Memphis,HI,36344
Jordan Kim,7031 Mcgowen St,Forney,MT,50524
Roger Obrien,2822 College St,Fayetteville,FL,95340
Maxine Harris,8569 Railroad St,Gresham,WA,45168
Naomi Miller,5158 Cackson St,Broken Arrow,NM,93344
Arianna Fowler,7189 N Stelling Rd,Richmond,WA,43310
William Hansen,3563 Cherry St,Cary,WI,98350
Leonard Welch,7420 Depaul Dr,Lowell,WY,35884
Anita Romero,5151 Robinson Rd,Sacramento,MN,72656
Wade Bell,8761 Daisy Dr,Roanoke,FL,20133
Michele Holmes,3537 Spring St,Caldwell,MS,71160
Hannah Gomez,1727 Hunters Creek Dr,Belen,AZ,41848
Tiffany Fisher,3686 Miller Ave,Houston,ND,63292
Jill Griffin,6100 Bruce St,Seymour,NV,45305
Julian Oliver,1621 Valley View Ln,Alexandria,RI,28305
Joanne Hunt,3704 Bollinger Rd,Red Oak,AZ,37298
Eileen Welch,8637 Poplar Dr,Thornton,VT,84419
Christian Carlson,5842 Bollinger Rd,Addison,MD,50570
Theodore Brewer,8025 White Oak Dr,Simi Valley,MS,15206
Morris Chapman,7207 James St,Tulsa,NH,38633
Gwendolyn Ross,482 Oak Ridge Ln,Topeka,LA,65493
Glenda Mccoy,5309 Wycliff Ave,Columbia,MO,71736
Wyatt Wells,841 Westheimer Rd,Bueblo,IL,81767
Nathan Walker,9923 Mcgowen St,Fort Wayne,NH,73405
Corey Bishop,8151 Karen Dr,Fort Lauderdale,MS,24790
Rene Hansen,5266 James St,Miramar,WI,16969
Eleanor Morrison,4290 Fincher Rd,Fort Worth,KS,28064
Anna Steeves ,4256 Valley View Ln,Midland,SC,13865
Patsy Craig,6630 Marsh Ln,Provo,NE,25080
Riley Black,7167 Spring St,Durham,FL,89469
Guy Matthews,247 First Street,Palmdale,OR,51722
Darrell Mccoy,7451 Woodland St,Savannah,TX,31987
Harper Dean,4449 Timber Wolf Trail,Farmers Branch,TX,45212
Rosemary Craig,2229 W Pecan St,Nashville,MT,79993
Peggy Harper,4976 Groveland Terrace,Cedar Hill,OK,39655
Todd Evans,4362 E Center St,Eureka,NM,51436
Norma Spencer,3009 Saddle Dr,York,TX,62806
Irma Gonzales,7605 Harrison Ct,El Cajon,MA,11069
Roger Lewis,7353 Marsh Ln,Santa Clarita,SC,98615
Ted Mcdonalid,1548 Plum St,Coppell,MA,99171
Melanie Watkins,3218 N Stelling Rd,Sacramento,MO,60278
Derrick Scott,9459 Groveland Terrace,Paterson,WI,89526
Lillie Little,5604 Miller Ave,Santa Ana,CA,42990
Lynn Schmidt,4661 E Sandy Lake Rd,Bakersfield,MS,37841
Same Caldwell,4578 Mockingbird Ln,Lafayette,OH,86994
Wendy Bradley,5370 Plum St,Durham,NH,96457
Franklin Herrera,6484 Walnut Hill Ln,Spokane,MO,89476
Joyce Ross,7300 Royal Ln,Tucson,MA,57334
Josephine Reyes,8807 Parker Rd,Roanoke,WI,38597
Andre Griffin,7134 Valwood Pkwy,Vancouver,SC,63174
Judy Day,3229 Robinson Rd,Flowermound,WI,76425
Morris Ryan,3755 Harrison Ct,Cupertino,PA,53454
Cory Spencer,6185 Green Rd,Victorville,FL,38656
Connie Martinez,1818 E Center St,San Bernardino,WV,63910
Dustin Cole,8145 Hillcrest Rd,Elgin,NE,49125
Stacey Palmer,1237 Country Club Rd,Sacramento,AZ,56512
Ralph Brooks,6072 Mcgowen St,Chattanooga,NY,30522
Neil Fletcher,3548 Washington Ave,Durham,NM,48283
Ivan Woods,5000 Saddle Dr,Warren,NJ,73810
Fernando Rodriguez,7640 College St,Richardson,FL,78681
Christina Kuhn,4484 Poplar Dr,Chattanooga,MA,39555
Delores Larson,3591 Homestead Rd,Warren,MA,94928
Neil Mills,8468 Lakeview St,Boulder,DE,83913
Abigail Hughes,5053 Groveland Terrace,South Valley,MA,89286
Christina Sanders,3790 Preston Rd,Huntsville,WA,52428
Ian Anderson,4166 Saddle Dr,Peoria,HI,65486
Zachary Terry,6586 Saddle Dr,Erie,NC,70991
Diana Walters,591 Green Rd,Rancho Cucamonga,OH,97203
Kenneth Brewer,7380 Nowlin Rd,Flint,AK,68085
Terry Kelley,7519 Smokey Ln,Green Bay,MN,82650
Kelly Stewart,7536 Timber Wolf Trail,Detroit,IL,77769
Harper Pena,6160 Sunset St,College Station,KS,51293
Jimmie Wallace,6382 Thornridge Cir,Philadelphia,MN,44194
Clarence Green,4923 Saddle Dr,Fort Lauderdale,WV,62756
Connie Kim,9214 Frances Ct,Bakersfield,OK,68254
Charlie Rhodes,6269 Spring St,Madison,MD,54071
Milton Morrison,3686 Dogwood Ave,Fountain Valley,CO,55521
April Wells,7710 E Pecan St,North Las Vegas,NV,86876
Tonya Morrison,3257 Elgin St,Iowa Park,MS,22409
Christian Fowler,1905 College St,Ann Arbor,IL,13056
Carole Perry,4813 E Center St,Rialto,VT,95817
Melinda Mitchelle,3028 Central St,Birmingham,AR,23738
Matthew Terry,3535 Nowlin Rd,El Paso,ID,66996
Vernon Burton,7430 W 6th St,Temecula,OK,76034
Keith Bradley,2560 Wycliff Ave,Plano,VA,23834
Daniel Obrien,7713 Hillcrest Rd,Grand Rapids,LA,44500
Victoria Ward,1993 Stevens Creek Blvd,Provo,SC,28927
Lewis Warren,3677 Oak Lawn Ave,Dumas,NC,99996
Dawn Reid,307 W Gray St,Killeen,MS,47446
Dwight Freeman,1918 Railroad St,Omaha,ND,55443
Pat Harris,5482 Karen Dr,Birmingham,NJ,31420
Arnold Andrews,6257 Westheimer Rd,Moscow,NV,90571
Crystal Hamilton,6675 Green Rd,North Valley,IL,15381
Larry Hoffman,4044 Saddle Dr,Santa Maria,AR,19202
Gregory Campbell,1468 Ranchview Dr,Fontana,WV,55681
Savannah Matthews,3172 Daisy Dr,Madison,WA,39252
Tracy Olson,4414 Depaul Dr,Anchorage,OK,71208
Joanne Gardner,1236 Sunset St,Pasadena,WI,58882
Margie Stevens,3966 Photinia Ave,El Cajon,TN,29543
Rita Lambert,9098 Marsh Ln,Pompano Beach,SC,62933
Emily Ellis,7543 Green Rd,Des Moines,ID,42935
Clarence Hoffman,587 Nowlin Rd,Des Moines,MS,12642
Gail Pearson,3695 Hillcrest Rd,Redding,NE,55347
Ida Jackson,1420 Ash Dr,Paterson,VT,63236
Julie Cook,2856 Mockingbird Ln,Waco,KS,35099
Bobby Ford,8669 Brown Terrace,Pueblo,FL,46628
Erica Moore,2216 Avondale Ave,Salinas,UT,27861
Hugh Horton,6050 Central St,Desoto,VT,86885
Joan Mcdonalid,3771 Parker Rd,Killeen,OK,40623
Teresa Alvarez,3832 Railroad St,Berkeley,NY,93557
Randall Mason,9582 Spring Hill Rd,Shreveport,GA,83437
Jeanette Mckinney,6167 Edwards Rd,North Valley,AR,35934
Victoria Carlson,1701 Harrison Ct,Inglewood,MA,42514
Juanita James,5246 Dogwood Ave,Hartford,SD,43252
Leon Byrd,8265 Spring Hill Rd,Tallahassee,MO,29205
Violet Shaw,2891 Robinson Rd,San Diego,TX,59125
Carla Harrison,831 Royal Ln,Lansing,OK,86776
Nevaeh Owens,6149 Photinia Ave,San Bernardino,CA,45061
Victoria Powell,6134 N Stelling Rd,Broken Arrow,AK,29450
Curtis May,8367 W 6th St,New Orleans,HI,76753
Bernard Richardson,4955 Elgin St,Jackson,NJ,35729
Kurt Andrews,6709 Preston Rd,Atlanta,LA,40140
Kenzi Kelley,9290 Robinson Rd,Kent,ID,24321
Jeanne Gardner,6251 Fairview St,Van Alstyne,LA,93315
Herminia Riley,8481 Hogan St,Green Bay,OH,39903
Dwayne Hamilton,8582 Dane St,Santa Rosa,IA,12924
Bonnie White,2908 White Oak Dr,Westminster,VA,37529
Renee Holt,2715 Stevens Creek Blvd,Norwalk,NH,35893
Hilda Stone,1273 Photinia Ave,Montgomery,OH,25501
Bruce Chambers,6516 Adams St,Los Angeles,MT,56750
Wade Horton,8250 W Dallas St,Santa Clara,VA,11109
Julian Stephens,4020 Stevens Creek Blvd,Ventura,WY,90605
Chester Hale,4426 Lakeview St,Hamsburg,NC,31385
Claire Reynolds,7853 W Gray St,Cape Fear,ME,65671
Wesley Wade,9191 Bollinger Rd,Fort Lauderdale,TN,83601
Gilbert Barnett,7848 W 6th St,Overland Park,MS,43566
Ernest Baker,8111 Lone Wolf Trail,Tallahassee,UT,69418
Heather Palmer,5207 Dogwood Ave,Cupertino,OH,18255
Brent King,7845 E North St,Fremont,WA,97434
Shannon Washington,9992 Spring St,Denver,OH,58026
Rodney Elliott,205 Brown Terrace,San Francisco,ME,58518
Clayton Garcia,9404 Lakeshore Rd,New Haven,ID,68327
Nina Sanchez,9577 Ranchview Dr,Peoria,NV,54266
Julie Garza,2709 Plum St,Pueblo,TX,33809
Isabella King,7678 Saddle Dr,Sunnyvale,KY,89608
Martin Williamson,5109 Forest Ln,Anna,ME,79299
Eli Riley,4798 Shady Ln Dr,Yonkers,MD,46195
Christine Simpson,1389 Hogan St,Corpus Christi,IL,65984
Jimmie Murray,4840 Shady Ln Dr,Mckinney,NV,72094
Roland Barnett,1944 Edwards Rd,Belen,NY,84327
Chad Curtis,9256 Thornridge Cir,Huntsville,MA,29900
Carolyn Payne,2571 Hamilton Ave,Provo,ND,85841
Seth Rogers,2962 Depaul Dr,Edgewood,ND,15806
Maureen Mcdonalid,4147 Mockingbird Ln,Farmers Branch,CA,12291
Juan Myers,3215 Frances Ct,Vancouver,MS,49778
Patrick Ryan,8037 Spring St,Peoria,NC,24817
Tyrone Ross,236 Bruce St,West Jordan,MN,84105
Lewis Mccoy,3432 Ash Dr,Denver,AL,71135
Beth Ferguson,8334 Mockingbird Hill,Oakland,MT,44107
Olivia Martinez,3498 Bollinger Rd,Fort Wayne,IL,79519
Marvin Romero,9468 Lakeshore Rd,Lincoln,WI,54692
Lonnie Beck,5458 Poplar Dr,Dumas,ND,88245
Sylvia Andrews,9586 Daisy Dr,Cape Coral,MI,60129
Gail Boyd,8199 Lone Wolf Trail,York,CO,27095
Roberta Hayes,5227 Lovers Ln,Lubbock,DE,18790
Erin Wade,1532 Plum St,Grants Pass,ME,20147
Monica Wallace,1453 W Pecan St,Richardson,DE,75256
Leah Hamilton,8470 W Campbell Ave,Wilmington,CA,57764
Clayton Frazier,8100 Railroad St,Alexandria,NE,79472
Roberto Curtis,3453 E Pecan St,Miami,HI,25710
Louella Lewis,463 Camden Ave,Elizabeth,PA,61979
Irene Stevens,8619 Valley View Ln,Anaheim,AR,12102
Anthony Parker,3387 Plum St,Ventura,OK,81422
Nellie Moore,5808 Hickory Creek Dr,Seymour,MO,81059
Louella Gregory,4087 W Dallas St,Sioux Falls,IA,19070
Sebastian Ortiz,1675 Hillcrest Rd,Farmers Branch,VT,84908
Ruby Mckinney,3128 W Gray St,South Bend,PA,68614
Jenny Simmmons,9294 Groveland Terrace,Inglewood,OK,47804
Florence Chapman,5187 Miller Ave,Duncanville,LA,38527
Kristen Kuhn,9205 Spring St,Torrance,AR,35287
Derrick Morrison,1097 Green Rd,Celina,OR,13942
Arianna Holland,2067 E Center St,Rochmond,CA,60873
Darrell Owens,3023 Ranchview Dr,Pomona,NH,53700
Riley Ortiz,3369 Lakeshore Rd,Joliet,NJ,51662
Leroy Cunningham,6945 Spring St,Dallas,LA,12587
Tamara Jacobs,8974 Saddle Dr,Boulder,AL,42282
Marsha Dixon,1607 Bruce St,Baltimore,ID,63060
Andy Collins,4349 Pecan Acres Ln,Rockford,PA,12336
Elijah Miles,7481 Poplar Dr,Arvada,CA,20744
Ricky Kim,6173 Bollinger Rd,Killeen,TN,96445
Christine Ford,5967 Brown Terrace,Port St. Lucie,ID,37932
Lori Caldwell,7707 Timber Wolf Trail,Salt Lake City,SD,16564
Herminia Gomez,6983 Cherry St,Gilbert,MI,23300
Carla Castro,2408 Lakeshore Rd,Cincinnati,OR,55750
Naomi Fernandez,1893 Northaven Rd,San Antonio,MA,70255
Herbert Henry,178 Valwood Pkwy,Beaumont,IA,12810
Emily West,7644 Preston Rd,New Haven,NV,69067
Alma Martinez,2350 Lakeshore Rd,Killeen,TN,51625
Kelly Kim,4378 Homestead Rd,Chattanooga,KY,47090
Erika Powell,6085 Shady Ln Dr,Shiloh,OR,62004
Devon Ortiz,8316 Saddle Dr,Concord,AK,82657
Jessie Terry,4687 Hickory Creek Dr,Mesquite,NV,59109
Lori Walker,8350 Samaritan Dr,Murrieta,NJ,74321
Ross Simmons,7118 Robinson Rd,Santa Clara,CO,63998
Randy Simpson,442 E Sandy Lake Rd,Pearland,CA,56197
Meghan Holland,5662 White Oak Dr,Cary,OK,57729
Peyton Reed,9943 Elgin St,Toledo,OK,72050
Jeanette Mccoy,7791 Marsh Ln,Celina,OK,55019
Lillie Wilson,7501 W Dallas St,Richardson,WY,85688
Amy Gutierrez,9951 Adams St,Fayetteville,RI,96448
Darlene Holmes,8213 Thornridge Cir,Nashville,HI,83786
Terry Gray,8334 W Belt Line Rd,Reno,OH,28402
Gordon Porter,2625 Preston Rd,Belen,WA,95729
Edward Jennings,8573 Spring St,Bridgeport,IN,85454
Wilma Sims,1409 Pockrus Page Rd,Ironville,KS,41720
Eugene Rice,319 Ranchview Dr,Cambridge,TN,85768
Mae Bailey,1700 W Campbell Ave,Scottsdale,MI,57942
Bryan Hunter,2613 Blossom Hill Rd,Stockton,AZ,21066
Melinda Rodriquez,8314 Frances Ct,San Francisco,ND,52230
Michelle May,2332 Depaul Dr,South Bend,FL,38362
Johnny Webb,444 Shady Ln Dr,Mesquite,MD,91388
Harold Thompson,5670 Bruce St,Oxnard,TN,64564
Yvonne Hill,1469 Northaven Rd,Fountain Valley,CT,11543
Jennifer Cooper,2696 Valley View Ln,Princeton,IL,83358
Regina Caldwell,8939 Hickory Creek Dr,San Bernardino,ME,85841
Savannah Pena,4245 W Campbell Ave,Nashville,WY,22242
Isaiah Curtis,8750 Stevens Creek Blvd,Baton Rouge,CO,60578
Evan Smith,1756 Avondale Ave,Salt Lake City,ND,25662
Eileen Rose,3433 W Pecan St,El Cajon,MD,68158
Shawn Ramos,4612 Lakeview St,Oklahoma City,NJ,64376
Bill Rice,3395 Edwards Rd,Lakewood,LA,36875
Marion Lewis,6557 E Center St,West Jordan,WV,30769
Alexis Richardson,9548 Plum St,Sunnyvale,TX,68697
Derrick Cole,6677 Edwards Rd,Murrieta,NY,47273
Shannon Day,5430 Preston Rd,Knoxville,AL,83137
Ryan Holmes,3404 Lone Wolf Trail,Vancouver,GA,79878
Milton Palmer,5064 Adams St,Ontario,AR,70809
Travis Wagner,9848 Sunset St,Long Beach,NC,80626
Dennis Hanson,2392 W Campbell Ave,Pearland,WY,97093
Monica Lucas,9351 White Oak Dr,Yakima,SC,85097
Alan Pierce,1037 Smokey Ln,Steilacoom,IN,52672
Katherine Wallace,4312 Fincher Rd,Baton Rouge,NJ,90534
Bill Bradley,2901 Taylor St,San Francisco,MO,48714
Janice Gray,9610 Woodland St,Fontana,DE,11709
Catherine Myers,8987 College St,Rochmond,IL,74694
Evan Wright,6013 Homestead Rd,Virginia Beach,CT,64987
Chad Harper,3750 Spring St,Spokane,MD,44853
Terrence Frazier,4585 Shady Ln Dr,Scottsdale,ID,45439
Felecia Kuhn,5411 Depaul Dr,Charleston,MD,31273
Ivan Robinson,1063 Ranchview Dr,Independence,KS,42043
Beatrice Kuhn,6625 White Oak Dr,Cambridge,KS,27311
Chloe Hicks,7506 Sunset St,Desoto,SC,65229
Dana Gonzales,7694 Dogwood Ave,Augusta,WI,45471
Harry Cook,7462 Lakeview St,Honolulu,CT,94767
Kirk Simpson,5507 Blossom Hill Rd,Corpus Christi,MO,84854
Clarence Williams,2516 Royal Ln,Orlando,WA,27181
Mitchell Gilbert,4484 Blossom Hill Rd,Wichita Falls,WA,51853
Savannah Perez,8801 Lakeview St,Chicago,ME,57291
Bruce Willis,3861 Wycliff Ave,Pueblo,IA,96133
Don Collins,3688 Stevens Creek Blvd,Edison,DE,64753
Sergio Chapman,1199 E North St,Oakland,MS,50626
Claude Mills,3181 First Street,Fontana,NJ,49590
Adrian Scott,2978 Photinia Ave,Las Cruces,MN,99072
Adrian Kelley,8622 Spring Hill Rd,Fremont,AZ,16188
Howard Brooks,1906 Spring St,Hamsburg,MS,55714
Kylie Cole,116 Bollinger Rd,Louisville,TX,83666
Avery Terry,9144 W Campbell Ave,Palmdale,FL,58307
Candice Chapman,541 Hillcrest Rd,Carlsbad,CO,10064
Terri Reid,9358 Fairview St,Seymour,NC,31587
Regina James,3442 Pockrus Page Rd,San Jose,WI,16099
Phyllis Walker,9601 Northaven Rd,Miramar,AL,33201
Dolores Dixon,8098 Lakeshore Rd,Killeen,IL,28687
Sergio Martinez,1569 Royal Ln,Athens,UT,66660
Luis Chambers,8399 Photinia Ave,Provo,DE,51443
Salvador Chavez,3559 Preston Rd,Lincoln,NJ,31644
Kim Smith,8053 Railroad St,Hollywood,MI,96045
Ricky Henderson,4070 James St,Ann Arbor,AR,30724
Janet Terry,8802 Saddle Dr,Kansas City,AL,17270
Myrtle Rivera,2474 Washington Ave,Billings,NJ,29426
George Simmons,8150 Karen Dr,Madison,PA,75230
Heather Soto,3903 Nowlin Rd,Providence,WA,87019
Sofia Stephens,8082 Robinson Rd,Utica,TX,17500
Scarlett Sanchez,6511 W Pecan St,Anna,CT,47763
Carole Woods,5933 Rolling Green Rd,Seymour,VA,89710
Luke Webb,5127 Marsh Ln,Grapevine,IA,16119
Clifford Hicks,7646 E Little York Rd,Thornton,WY,98407
Nelson Hart,4580 Wheeler Ridge Dr,El Cajon,OR,16678
Randall Hansen,4373 Hamilton Ave,New Orleans,WV,21100
Zoey Hanson,9872 E Pecan St,Fullerton,MN,89612
Tiffany Palmer,6138 Lone Wolf Trail,Jackson,NM,41747
Alma Rhodes,4173 Hickory Creek Dr,Stamford,WY,98248
Mason Castro,9985 W Dallas St,Miami,CA,83117
Jill Porter,9944 Avondale Ave,Wilmington,WA,46333
Tracy Olson,716 Walnut Hill Ln,Knoxville,AK,33278
Lisa Ray,5626 Pockrus Page Rd,Lakewood,MS,21457
Roberta Flores,6223 Country Club Rd,York,WY,42855
Billie Fox,3812 Pecan Acres Ln,Grapevine,DE,78228
Dennis Rivera,7176 Cackson St,Frisco,TX,24391
Kathryn Marshall,5889 Harrison Ct,Costa Mesa,VA,32580
Landon Cox,1352 Lone Wolf Trail,Aubrey,MS,40513
Willie Price,5573 Camden Ave,Gilbert,NY,90286
Kay Gilbert,9425 Thornridge Cir,Baltimore,MT,34085
Denise Jimenez,4405 Poplar Dr,Lakewood,MI,42834
Terry Ortiz,1717 Eason Rd,Philadelphia,KS,92863
Joann Hamilton,1684 Wheeler Ridge Dr,Duncanville,FL,45936
Terrence Edwards,6499 Spring St,Edgewood,SC,40905
Same Baker,821 Fincher Rd,Paterson,IN,98065
Dylan Hunter,67 Frances Ct,Fremont,UT,12557
Myrtle Oliver,2751 Hamilton Ave,Durham,PA,89026
Wendy Wagner,9452 Mockingbird Ln,Erie,NY,78822
Marlene Olson,2264 W 6th St,Gainesville,ND,10141
Charlotte Warren,6651 Bollinger Rd,Utica,GA,74051
Alfred Mitchell,8622 Pecan Acres Ln,Murfreesboro,CA,19512
Dale Peters,3093 First Street,Virginia Beach,NJ,75910
Joy Weaver,342 Blossom Hill Rd,Pompano Beach,FL,38807
Colleen Wade,3050 Edwards Rd,Woodbridge,MI,34821
Renee Chambers,7581 Hunters Creek Dr,Dumas,GA,30047
Roland Clark,5735 Frances Ct,Aubrey,IN,10757
Janet Murphy,7380 Walnut Hill Ln,Dumas,ID,10378
Christine Vasquez,1078 Marsh Ln,Fort Worth,NJ,40757
Gertrude Stephens,5495 Smokey Ln,Inglewood,OK,68094
Dana Murphy,1797 Dane St,Tempe,VT,33617
Edith Jenkins,391 Central St,Salt Lake City,VT,22128
Martin Kelley,169 Shady Ln Dr,Pasadena,CT,64808
Austin Stewart,502 W Dallas St,Athens,NM,34248
Leta Oliver,4978 Parker Rd,Flowermound,MN,78183
Same Hall,1794 Brown Terrace,Raleigh,VT,95308
Alan Hansen,1720 Valwood Pkwy,Kansas City,MT,29608
Brad Moreno,4484 Homestead Rd,Knoxville,FL,44625
Kent Willis,6899 Mockingbird Hill,Simi Valley,MS,44662
Peter Dunn,880 W Gray St,Erie,AZ,42783
Eric Watts,9990 Cackson St,Cape Coral,NC,78226
Lillian Franklin,2649 Daisy Dr,Oklahoma City,NJ,28199
Gregory Castro,5319 Preston Rd,Lakeland,IN,39185
Isaac Bradley,3360 Homestead Rd,Dayton,MI,20051
Theresa Torres,753 Karen Dr,Olathe,UT,99459
Arnold Hopkins,8465 James St,Dumas,NM,25772
Lillie Barrett,6997 Green Rd,Carlsbad,AK,84073
Joseph Wagner,7871 Paddock Way,Sacramento,NM,20924
Craig Duncan,5469 Edwards Rd,El Paso,OK,47620
Larry Mitchelle,6636 Hamilton Ave,Las Vegas,SC,85478
Kristin Shelton,5903 Groveland Terrace,Cary,MA,18964
Janet Marshall,4275 Sunset St,Hampton,CO,64640
Stella Reed,5620 Valwood Pkwy,Milwaukee,NM,89033
Carmen Simpson,1882 Avondale Ave,Rancho Cucamonga,AL,84007
Kirk Ford,7292 W 6th St,Ventura,CA,81820
Wendy Roberts,3739 Stevens Creek Blvd,Seattle,TN,48682
Gwendolyn Miles,6063 Green Rd,Los Angeles,NH,98278
Lonnie Bryant,8665 Sunset St,Lakeland,TX,58304
Wade Bennett,6763 Robinson Rd,San Diego,HI,52472
Alan Lowe,9030 Parker Rd,Orange,OR,15167
Genesis Mason,3391 Pockrus Page Rd,Pueblo,MI,52551
Rachel Dean,5019 Robinson Rd,Savannah,ID,59775
Minnie Scott,3421 Hickory Creek Dr,York,MA,58566
Jeanne Wagner,3019 Eason Rd,Ironville,NH,29547
Norman Ross,4345 Royal Ln,Tucson,MN,54971
Darryl Cox,7449 W Pecan St,Flowermound,OH,28538
Kenzi Dunn,4117 Groveland Terrace,St. Petersburg,CO,61812
Robert Alvarez,5635 Lone Wolf Trail,Cedar Hill,VT,43583
Brandie Jenkins,6437 Fincher Rd,Augusta,MA,83725
Erica Hill,3882 E Little York Rd,Odessa,AR,56374
Jeffrey Williams,1001 First Street,Minneapolis,MN,62932
Leo Hart,3829 Elgin St,Utica,FL,30716
Stacy Carlson,8723 Forest Ln,Fullerton,HI,82207
Martha Kim,5757 W Sherman Dr,Kansas City,MS,68224
Harry Owens,2329 Blossom Hill Rd,Dayton,NJ,10750
Salvador Berry,3727 Washington Ave,Mckinney,NJ,61360
Priscilla Neal,3953 Walnut Hill Ln,Flint,MO,98641
Rick Myers,317 Railroad St,Visalia,SD,18288
Keith Phillips,8721 Timber Wolf Trail,Orange,WA,16399
Louis Fernandez,9300 Lone Wolf Trail,Temecula,MD,94569
Oscar Bates,8000 Valley View Ln,Scottsdale,NC,34442
Martin Gilbert,9160 Lakeshore Rd,Santa Clara,TX,29040
Dwayne Andrews,9233 E North St,Sacramento,OH,43229
Brett Matthews,9457 Washington Ave,Cary,WI,25967
Keith Banks,1174 Hunters Creek Dr,Lousville,CA,73788
Lesa Butler,3911 Lakeshore Rd,Coral Springs,VA,32251
Terrance Burton,2730 Saddle Dr,Surprise,TN,62029
Elsie Vargas,5095 W Dallas St,Princeton,ME,58922
Lance Campbell,4513 W Campbell Ave,Pasadena,MI,76410
Andrew Ruiz,9370 Parker Rd,Rochester,IL,83584
Beth Pierce,2879 College St,Burkburnett,OH,11998
Jerry Hunter,484 Spring St,Roseville,VT,30622
Andrew Gonzales,687 Cherry St,Princeton,SC,90356
Kevin Horton,1565 Taylor St,Boston,OR,24214
Dawn Garza,6718 Bruce St,Tampa,OK,64502
Paula Stone,735 Hunters Creek Dr,Grand Prairie,HI,95036
Louis Jenkins,6206 Cackson St,Grand Prairie,VA,50469
Grace Sutton,2490 Oak Lawn Ave,San Mateo,WA,29626
Matthew Woods,7896 Ranchview Dr,Carlsbad,NE,64815
Joanne Vasquez,3846 Dogwood Ave,Memphis,AZ,59906
Nora Torres,8257 Nowlin Rd,Kent,HI,85092
Bill Stone,5281 Royal Ln,Sunnyvale,CO,23528
Layla Bowman,625 W Pecan St,Tacoma,MN,34219
Kylie Bradley,4700 Walnut Hill Ln,Cupertino,TX,45690
Jessie Turner,8045 Mockingbird Ln,West Covina,KY,84128
Arthur Kuhn,1131 Edwards Rd,Ann Arbor,RI,69754
Gordon Griffin,4641 Harrison Ct,Dallas,ME,36596
Marcia Gilbert,4124 Sunset St,Ventura,UT,38970
Jessie Horton,9364 Wheeler Ridge Dr,Vernon,IA,11264
Fernando Morales,8912 Mockingbird Ln,Waxahachie,NJ,48104
Francis Jimenez,5618 Mockingbird Ln,Ironville,FL,21784
Victoria Bowman,4620 Lakeview St,Grand Prairie,IL,71078
Mattie Cooper,4943 Spring St,Syracuse,KY,73337
Rafael Steeves ,4943 Woodland St,Greeley,OR,43878
Lucille Thompson,1932 Taylor St,Fresno,ID,55541
Georgia Howell,7291 Shady Ln Dr,Denton,WY,30745
Michele Fuller,6930 Central St,Escondido,NY,25546
Nora Mitchell,2665 Timber Wolf Trail,Flowermound,KY,74595
Pat Fields,2427 Ranchview Dr,Lubbock,ND,67279
Jessie Pearson,470 Frances Ct,Naperville,PA,39902
Brad Garrett,3569 Eason Rd,College Station,KS,96941
Tammy Wade,3008 James St,Boulder,IA,99590
Madison Frazier,1990 E Pecan St,Anaheim,NJ,48674
Chris Caldwell,261 Marsh Ln,Grants Pass,AL,27805
Jason Burns,9862 Sunset St,Lansing,LA,96848
Sandra Russell,1976 Nowlin Rd,Antioch,AL,53082
Jeremy Carpenter,8502 Dogwood Ave,El Cajon,IL,37207
Dianne Brewer,1414 Mcgowen St,Port St. Lucie,MD,65079
Marie Porter,8539 Mcclellan Rd,Santa Maria,HI,38209
Floyd Green,4225 W 6th St,Hartford,OR,25845
Brent Carter,9067 Spring St,Philadelphia,DE,85798
Dwayne Hicks,4472 Stevens Creek Blvd,Vallejo,ID,75464
Brayden Hoffman,668 W Dallas St,Corona,AK,75199
Larry Jordan,591 Poplar Dr,Honolulu,IA,81744
Josephine Day,3771 Karen Dr,Saginaw,HI,70185
Jesse Henderson,1827 Spring St,Palmdale,WV,15252
Camila Craig,9908 Daisy Dr,Woodbridge,AR,16400
Kurt Andrews,9650 Green Rd,Oxnard,AZ,48422
Dustin Larson,2172 Valwood Pkwy,Akron,NH,97328
Hazel Ramirez,8373 Blossom Hill Rd,Oklahoma City,RI,61097
Wayne Mitchelle,4934 Mcgowen St,Mobile,CA,73080
Lorraine Lowe,7133 Frances Ct,Newark,NM,51704
Arianna Hicks,8227 Miller Ave,Princeton,HI,32565
Douglas Graham,2299 Harrison Ct,Ann Arbor,LA,58670
Earl Alexander,667 James St,Syracuse,FL,53397
Johnni Meyer,816 W Gray St,Waxahachie,NJ,34514
Joe Hale,2043 Timber Wolf Trail,Saint Paul,SD,10701
Vera Wagner,5702 Royal Ln,Rochmond,HI,93317
Paul Obrien,9446 Taylor St,Little Rock,AZ,36044
Vicki Robertson,44 Spring St,Inglewood,MA,55614
Jacob Hill,2026 Walnut Hill Ln,Flowermound,NH,61581
Tiffany Schmidt,5241 Parker Rd,Chicago,AK,35170
Kathryn Dunn,594 Spring St,Tacoma,MT,45072
Rodney Freeman,4816 Lone Wolf Trail,Rockford,NE,51834
Marcia Gordon,9016 Spring Hill Rd,Burkburnett,MN,79889
Violet Mitchell,1504 W Dallas St,Hamsburg,ID,12848
Ramona Carr,651 Green Rd,Lowell,VT,44248
Bob Smith,8623 Marsh Ln,Tulsa,ME,36522
Pat Graham,2057 N Stelling Rd,Saginaw,KS,92804
Addison Davidson,6553 Ash Dr,Tempe,MN,90450
Lorraine Schmidt,5347 Elgin St,Costa Mesa,MO,76096
Ernest Gregory,6241 Homestead Rd,Victorville,CA,53435
Doris Soto,9415 Hickory Creek Dr,Tallahassee,NV,13695
Isabella Webb,9887 Camden Ave,Mesa,KS,27387
Jerry King,6338 Nowlin Rd,Honolulu,WA,18980
Joseph Lawson,7757 Robinson Rd,Steilacoom,NE,70762
Constance Davis,1069 Wycliff Ave,Erie,AZ,94184
Frederick Flores,583 College St,Greeley,IL,48622
Grace Carter,8501 N Stelling Rd,Augusta,NC,84652
Clarence Myers,6652 Parker Rd,Newport News,IN,68183
Peter Newman,9607 Spring Hill Rd,Daly City,LA,15318
Dale Larson,1820 Preston Rd,Pasadena,MT,69997
Annette Rivera,3806 Spring St,Chattanooga,AK,69634
Natalie Harper,916 Harrison Ct,El Cajon,VA,10528
Regina Grant,7893 First Street,Charleston,NC,76121
Gordon Palmer,9992 E North St,Seattle,IA,98618
Minnie Morris,951 Green Rd,Gainesville,MS,68545
Stacy Carr,8791 Lone Wolf Trail,Inglewood,ID,68735
Mae Anderson,7768 James St,Coral Springs,MN,32164
Francisco Fernandez,764 N Stelling Rd,Roseburg,TX,98470
Angel Jensen,3774 Lone Wolf Trail,The Colony,UT,40981
Andre Cox,5319 Cherry St,Cape Fear,AK,48688
Glenda Thomas,1388 Frances Ct,Shreveport,TX,43834
Marion Day,6158 Ash Dr,Grand Prairie,NE,34029
Owen Little,2870 Miller Ave,Stockton,AL,42777
Theresa Castillo,3183 Green Rd,Charleston,WY,42630
Ashley Hughes,1620 W Sherman Dr,Scottsdale,OR,29099
Kent Daniels,6863 Thornridge Cir,Norfolk,DE,56117
Mike Kim,4530 Royal Ln,Columbus,VA,13017
Suzanne Matthews,3013 Cherry St,Joliet,OH,94541
Megan Herrera,3924 Pecan Acres Ln,Corona,PA,37206
Rose Patterson,8036 Locust Rd,Great Falls,NE,53722
Gregory Dunn,77 Country Club Rd,Hampton,PA,49933
Kent Patterson,3155 Cackson St,St. Petersburg,ND,62244
Leah Ross,7353 Preston Rd,Miami Gardens,MN,53021
Jimmie Chapman,1327 Sunset St,Victorville,MN,87281
Isabella Henderson,3944 Samaritan Dr,New Orleans,MN,18344
Ben Hunt,1432 Photinia Ave,Farmers Branch,KS,52492
Ricardo Grant,1345 Eason Rd,Seagoville,MN,16483
Javier Hernandez,4245 Green Rd,Cedar Rapids,VA,32673
Rodney Young,3004 Hickory Creek Dr,St. Louis,MN,41592
Rodney Lawson,5759 Hamilton Ave,Sterling Heights,WV,71342
Brandon Williamson,2577 Adams St,North Las Vegas,WV,10377
Beverley Garrett,1972 W 6th St,Nashville,OR,56975
Luis Burton,8204 Locust Rd,Orlando,GA,37342
Kylie Hernandez,7488 Frances Ct,Ann Arbor,AK,21890
Kathryn Vasquez,2524 Hogan St,Tucson,ID,52003
Leonard Cole,981 Cherry St,Pasadena,NY,52071
Aubree Black,8484 Hickory Creek Dr,Cary,UT,69738
Kelly Simmons,1641 Mockingbird Hill,Corpus Christi,RI,49182
George Taylor,8980 W Sherman Dr,Buffalo,MI,43114
Jayden Bailey,3609 Oak Ridge Ln,Lexington,CO,86868
Marc Banks,2074 First Street,Vallejo,AK,61399
Everett Hughes,49 Lakeview St,Waxahachie,WA,99952
Scott Davis,6563 Crockett St,Escondido,ID,52939
Taylor Martinez,2789 N Stelling Rd,Bridgeport,WY,85776
Jackson Miller,682 Fincher Rd,Elizabeth,NH,55269
Tracy Reid,8382 Harrison Ct,Midland,PA,34096
Louise Banks,4531 Oak Ridge Ln,Celina,WV,24243
Kay Ortiz,1596 W Pecan St,Lakewood,NM,22133
Letitia Watkins,3315 Hamilton Ave,Great Falls,PA,14779
Henry Flores,844 Railroad St,Shiloh,RI,27620
Stacey Dunn,6485 E Little York Rd,Corpus Christi,AL,15060
Mike Mills,3889 Photinia Ave,Fargo,OK,73427
Wilma Harrison,9204 Samaritan Dr,Amarillo,OK,90713
Felicia Rose,4654 Prospect Rd,Riverside,AK,58145
Jimmie Gonzales,4235 Robinson Rd,Princeton,NJ,79021
Noelle Thompson,3122 James St,Costa Mesa,VA,54302
Gregory Hanson,8726 Pockrus Page Rd,Jacksonville,FL,98061
Bill Franklin,357 Fairview St,Santa Rosa,MS,95150
Roy Graves,6235 Robinson Rd,Grapevine,AK,29625
Micheal Lewis,3475 Bruce St,Orlando,FL,15954
Emma Morales,5404 Crockett St,Honolulu,OH,41900
Mabel Rivera,212 Valley View Ln,New Orleans,GA,23643
Jeffrey Andrews,4451 Bruce St,Odessa,CT,70291
Gloria Carr,1342 Bollinger Rd,Allen,RI,97815
Leon Lucas,4480 Miller Ave,Medford,LA,65174
Randy Daniels,1348 Cherry St,Stanley,AK,72834
Doris Edwards,2310 Woodland St,Oxnard,NY,66409
Pedro Carpenter,1946 Oak Ridge Ln,Costa Mesa,IA,71625
Edgar Hayes,5882 Rolling Green Rd,Flowermound,TX,11090
Roberta Sanchez,9892 W 6th St,Red Oak,LA,17491
Derek Matthews,4396 Ranchview Dr,Toledo,NC,43988
Nicole Austin,2528 Dane St,Murrieta,MD,96467
Eddie Ray,758 W Dallas St,Orange,AR,85014
Louella Wood,2249 Woodland St,Las Cruces,TX,54935
Vernon Brewer,3733 Royal Ln,Warren,NJ,82682
Dave Prescott,3984 Lakeview St,Pompano Beach,WA,22616
Dave Hawkins,4029 E Pecan St,South Bend,NJ,28798
Dwayne Reid,5746 Cherry St,Erie,NE,55271
Brandie Burton,8854 Paddock Way,Vancouver,IA,90616
Tammy Diaz,1859 Photinia Ave,Frisco,HI,57566
Bobbie Fields,7661 Paddock Way,Elizabeth,TN,47391
Randall Gardner,6980 Crockett St,West Palm Beach,MS,81680
Sofia Russell,692 Railroad St,Allentown,LA,35653
Claire Beck,2278 Spring St,Springfield,PA,14421
Leta Williams,8396 Depaul Dr,Indianapolis,AK,69258
Julio Butler,1732 Dogwood Ave,Baltimore,NC,24958
Bernice Ward,5494 Hickory Creek Dr,Madison,NY,28672
Addison Martinez,1914 Depaul Dr,Grand Prairie,SD,59760
Terrance Kuhn,6972 Wycliff Ave,Spokane,TN,17876
Frank Fields,6949 Photinia Ave,Kansas City,OK,36049
Kevin Terry,5005 Spring St,Cambridge,DE,16525
Vernon Richards,1865 E Sandy Lake Rd,Arvada,WY,16240
Isobel Dixon,4287 Marsh Ln,Waterbury,MO,71935
Ramona Hunt,218 Valwood Pkwy,Hollywood,WA,50571
Wanda Horton,1470 Frances Ct,Rancho Cucamonga,SD,72015
Mario Gardner,701 Woodland St,North Charleston,AZ,27726
Derrick Hughes,115 Groveland Terrace,Carrollton,KS,12957
Tanya Dunn,1083 W Pecan St,Warren,TN,75600
Ted Sanders,7004 White Oak Dr,St. Louis,ME,26802
Marlene Andrews,4769 Avondale Ave,Orange,ID,81508
Jeanette Fletcher,4572 Bruce St,Thousand Oaks,CT,91405
Kathy Wilson,4948 Depaul Dr,Ventura,KY,38661
Tonya Soto,7256 Railroad St,Lewisville,CA,96108
Dwight Franklin,4857 Harrison Ct,Shelby,CO,55005
Debbie Caldwell,9855 Forest Ln,Fountain Valley,MT,67324
Anita Jensen,7632 Marsh Ln,Des Moines,IN,36581
Michele Nichols,1816 E Pecan St,North Charleston,OR,97774
Wanda Cooper,5001 Washington Ave,Santa Clara,IA,78083
Lori Allen,2095 Central St,York,IL,20011
Julian Cooper,2494 Photinia Ave,Tucson,VT,55470
Brandie Reynolds,4395 Hamilton Ave,Waco,SC,52742
Benjamin Lawson,6512 Mockingbird Ln,Davenport,ME,10175
Louise Adams,3061 Railroad St,Grand Prairie,MA,42061
Jonathan Franklin,5066 Royal Ln,Gilbert,NV,32008
Carolyn Boyd,3954 Robinson Rd,Vancouver,SC,90847
Vivan Daniels,2271 Timber Wolf Trail,Denver,WI,21894
Marie Bishop,3887 Eason Rd,Columbia,NV,83591
Wendy Ray,6565 E Little York Rd,York,WV,93608
Rodney James,1615 Pecan Acres Ln,Belen,NH,79203
Rene Perry,8093 Spring St,Dayton,IL,98774
Leroy Diaz,2558 W 6th St,Eureka,KS,52159
Carolyn Griffin,6979 Edwards Rd,Syracuse,CA,77470
Mildred Ramirez,640 Rolling Green Rd,Rio Rancho,LA,30056
Holly Kuhn,2352 College St,Joliet,WI,99768
Marian Meyer,6286 Paddock Way,Worcester,SC,35957
Joshua Ray,1809 Sunset St,Augusta,OR,80707
Luke Lewis,7458 Spring Hill Rd,Moreno Valley,AL,16030
Gabriella Perkins,2 Taylor St,El Paso,NV,37371
Manuel Hernandez,6629 Poplar Dr,Duncanville,CT,55134
Jayden James,4081 Edwards Rd,Cedar Hill,IA,32403
Lesa Medina,8835 White Oak Dr,Ennis,NJ,54723
Hunter Lopez,8888 Plum St,Mesquite,NV,55164
Rita Hoffman,8108 Hogan St,Columbia,LA,30307
Victor Watts,9787 Camden Ave,Abilene,OR,66814
Christy Turner,9444 Miller Ave,Washington,WI,76164
Eileen Holt,6303 Valley View Ln,Salt Lake City,AZ,92023
Carrie Willis,9598 Hunters Creek Dr,Toledo,OH,75823
Jesus Murray,2739 Eason Rd,Tacoma,MS,39828
Ronald Terry,2520 Fincher Rd,Washington,HI,77555
Leon Alexander,8829 Pecan Acres Ln,Cary,WA,33870
Elmer Price,2619 Prospect Rd,Colorado Springs,UT,61774
Nicole Turner,1787 Brown Terrace,Inglewood,AZ,68272
Deanna Rivera,1358 James St,Waxahachie,TX,16306
Carole Hudson,2133 Ranchview Dr,Surrey,RI,58322
Carter Harrison,7262 Lakeview St,Springfield,KY,92484
Anthony Hill,1144 Mockingbird Ln,Hialeah,UT,38030
Eli Neal,7803 W Belt Line Rd,Shreveport,AL,52051
Micheal Porter,2338 Daisy Dr,The Colony,AR,64573
Felicia Moore,4424 Robinson Rd,Utica,PA,43232
Gina Torres,2278 Hickory Creek Dr,Oakland,NY,73429
Norma Peters,6216 Valwood Pkwy,Visalia,IA,74299
Gabriella Walker,3836 Camden Ave,Flowermound,WI,24377
Alexis Brooks,1939 Walnut Hill Ln,El Cajon,DE,99612
Erika Burns,1063 Blossom Hill Rd,Arlington,CA,68884
Stephanie Byrd,4105 Northaven Rd,Bozeman,MN,69567
Judy Caldwell,3449 Spring Hill Rd,Louisville,SD,12632
Johnni Hoffman,2321 Hunters Creek Dr,Los Angeles,ND,32802
Stella Dixon,5259 Karen Dr,New Haven,DE,42287
Guy Foster,6566 White Oak Dr,Lancaster,WV,39724
Paula Pierce,9637 Country Club Rd,Waco,NV,99507
Dylan Tucker,8503 Saddle Dr,Milwaukee,DE,58931
Daisy Baker,1468 Bollinger Rd,Lowell,MO,74125
Edward Smith,1908 Marsh Ln,Spokane,WA,37396
Nicole Woods,4987 Camden Ave,High Point,KS,91226
Leo Turner,94 Spring St,Los Angeles,OH,37039
Avery Martin,3848 Hamilton Ave,Ann Arbor,ID,36309
Ryan Alvarez,1645 Crockett St,Lakewood,SC,73656
Janice Foster,1586 W Belt Line Rd,Lowell,MA,72821
Elaine Roberts,8174 Camden Ave,Laredo,WI,51930
Georgia Craig,5029 Prospect Rd,Newark,WY,90215
Lewis May,4398 Washington Ave,Pasadena,AL,84778
Kristina Wheeler,7598 Photinia Ave,Redding,NV,14195
Jesus Payne,9560 Spring St,Edison,NJ,42792
Beth Jensen,3137 Saddle Dr,Ironville,OH,88539
Lily Bell,7453 Cackson St,Simi Valley,IN,50496
Abigail Byrd,4143 W Belt Line Rd,Port St. Lucie,NE,83326
Florence Moreno,9074 Royal Ln,Las Vegas,NY,89824
Tracy Pena,556 Country Club Rd,Topeka,MA,79887
Hazel Sullivan,1205 Mcgowen St,Red Bluff,UT,79103
Rodney Andrews,5500 Shady Ln Dr,Denver,MO,43972
Charlene Williamson,4252 Dogwood Ave,Anna,CT,42817
Lance Obrien,2133 Walnut Hill Ln,Stanley,VA,96539
Ben Stewart,9495 Blossom Hill Rd,Seagoville,TX,59627
Clinton Gordon,3519 Spring Hill Rd,Belen,MN,70294
Kylie Adams,7121 Marsh Ln,Coppell,IL,11019
Brett Welch,3623 Woodland St,Peoria,ND,79060
Warren West,8105 W Sherman Dr,Sunnyvale,SD,98147
Charles Rogers,5440 E Center St,Mcallen,RI,64073
Candice Wells,4778 Spring St,Alexandria,LA,54760
Mattie Lopez,5519 Sunset St,West Valley City,CA,18928
Suzanne Cox,9600 Plum St,Princeton,OH,87316
Marilyn Boyd,2866 Bruce St,Elgin,NY,90498
Tracy Sanders,6104 W Dallas St,Lubbock,SD,31467
Catherine Hoffman,7080 E Center St,Las Vegas,KS,61352
Felecia Nelson,5451 Oak Ridge Ln,Odessa,KS,77355
Rosa Craig,7798 Ranchview Dr,Anna,NM,67458
Jon Baker,2144 W Belt Line Rd,Lousville,WV,32293
Alicia Jones,3767 E Pecan St,Erie,VA,99802
Hilda Allen,8706 Spring St,Des Moines,SD,38974
Terrence Smith,9724 Homestead Rd,Pembroke Pines,WY,86942
Eva Brown,5895 W Pecan St,Aubrey,MD,46368
Andrea Murray,6304 Hillcrest Rd,Seymour,MD,60632
Erika Adams,4113 Homestead Rd,St. Petersburg,AZ,57622
Bobby Dean,3686 Sunset St,Atlanta,AK,54464
Hailey Daniels,147 Samaritan Dr,Berkeley,IA,11739
Felix Ferguson,6854 James St,Norwalk,WI,67900
Robin Holmes,3298 W Pecan St,Ironville,NH,68644
Kenzi Terry,7621 Wheeler Ridge Dr,Nashville,VT,93789
Suzanne Hoffman,4578 Crockett St,Costa Mesa,TX,69146
Ivan Fisher,441 Poplar Dr,Garden Grove,MD,75428
Erin Peterson,5514 Wycliff Ave,Bakersfield,AR,86023
Luis Barnes,5044 Stevens Creek Blvd,Chandler,MD,28135
Susan Garza,8514 Royal Ln,El Monte,ME,20746
Dave Gibson,2406 E Pecan St,Baltimore,NH,75198
Deanna Kelley,667 Country Club Rd,Steilacoom,NY,98493
Jennie Reid,5376 Wheeler Ridge Dr,Cape Coral,CO,50746
Luis Carter,8283 Dogwood Ave,Chicago,MD,50510
Gary Jennings,6114 Edwards Rd,Provo,ND,33894
Leslie Cunningham,5204 Royal Ln,Denton,LA,55133
Serenity Gregory,8244 Bollinger Rd,Savannah,TN,13063
Gregory Taylor,4852 Walnut Hill Ln,Fontana,MT,47449
Bradley Garza,6776 Lakeshore Rd,Seattle,IL,56905
Esther Medina,9264 Timber Wolf Trail,Paterson,MO,88161
Billie Graham,8530 E Little York Rd,Elgin,NE,83684
Cherly Bowman,18 Pecan Acres Ln,Springfield,SC,79053
Loretta Williamson,8697 Hunters Creek Dr,Alexandria,VT,94324
Mathew Wallace,9949 Wheeler Ridge Dr,Boston,VT,17908
John Burton,9950 E North St,Fontana,IA,89178
Toni Alexander,9770 Blossom Hill Rd,Shelby,IN,30507
Johnny Shaw,139 Pecan Acres Ln,Saginaw,WV,99304
Emily Chapman,8034 Spring St,Burbank,CO,40551
Anna Berry,5639 Timber Wolf Trail,Anna,FL,90752
Vivan Mccoy,2916 Mockingbird Hill,Pomona,SC,61029
Darrell Carlson,1709 Lakeview St,Glendale,IL,67572
Morris Gray,2379 Bollinger Rd,Elgin,WY,33678
Darren Lawson,6014 Eason Rd,Baltimore,ND,70596
Aubree Palmer,9943 Walnut Hill Ln,Tacoma,WI,48215
Anita Gomez,2734 Cherry St,Fort Wayne,PA,60862
Steven Young,7686 Woodland St,North Charleston,PA,60145
Eleanor Barnett,5949 E Pecan St,Los Lunas,WY,31545
Joshua Hunter,2440 Rolling Green Rd,Allen,TN,76076
Isobel Bailey,9049 N Stelling Rd,Alexandria,MT,86789
Debra Lawrence,261 Forest Ln,Jackson,ID,20852
Serenity Mason,7789 Prospect Rd,Grants Pass,MA,90276
Leta Austin,2944 Oak Lawn Ave,Stamford,MS,66973
Gabriella Gonzales,4228 Fincher Rd,Lancaster,NV,42184
Ann Steward,6981 W Sherman Dr,Stamford,SD,92175
Julian Schmidt,4777 W Belt Line Rd,Fountain Valley,AR,91554
Evan Scott,3593 Crockett St,Cambridge,VA,13172
Pearl Anderson,5909 Wheeler Ridge Dr,Denver,MO,96924
Dylan Morris,2983 Shady Ln Dr,College Station,TN,81646
Alice Miller,3180 E Pecan St,Honolulu,KS,26162
Eleanor Byrd,380 Central St,Aubrey,LA,85712
Kelly Reyes,7633 Hunters Creek Dr,Greensboro,MA,23729
Alvin Green,1305 Shady Ln Dr,Fountain Valley,WV,17154
Pedro Steeves ,4366 Eason Rd,Amarillo,NJ,84204
Flenn Steward,4076 Woodland St,Centennial,LA,46881
Todd Gibson,5940 Hunters Creek Dr,Vernon,ND,19855
Peyton Willis,1883 Marsh Ln,Waxahachie,CA,63772
Carrie Howard,4225 E North St,Jackson,TX,46067
Guy Little,1674 Crockett St,Pearland,VT,65226
Marian Rodriguez,2258 James St,Shelby,NY,58574
Annie Montgomery,8011 Marsh Ln,Huntington Beach,CT,31313
Andy Washington,6707 Bruce St,Allentown,IN,50598
Freddie Wells,774 E Pecan St,Rochmond,PA,68336
Lynn Ray,8026 W Dallas St,Omaha,WA,75420
Soham Adams,4021 Taylor St,Hialeah,IA,70832
Elmer Porter,3744 Frances Ct,Vancouver,TX,64610
Sheila Warren,4964 Thornridge Cir,Pomona,UT,55325
Wyatt Jensen,8288 Washington Ave,Coppell,NJ,54907
Gregory Nichols,7044 E Sandy Lake Rd,Ironville,MT,90991
Owen Hamilton,8918 Nowlin Rd,West Jordan,AR,19147
Hazel Gibson,2962 Marsh Ln,Sacramento,MI,47848
Vincent Carlson,6448 Bollinger Rd,Lansing,OR,19748
Gloria Grant,6186 Daisy Dr,Grand Rapids,NC,67462
Howard Ray,6803 E Pecan St,Dumas,CT,15784
Vernon Henry,9601 Westheimer Rd,Austin,NC,85783
Caroline Berry,8679 Poplar Dr,El Cajon,NM,41492
Alfred Stephens,5331 Timber Wolf Trail,Newport News,NC,58352
Brett Stephens,1130 Brown Terrace,Seagoville,NM,95282
Jason Gray,6405 Spring St,Thornton,AZ,67861
Joan Montgomery,4457 W Belt Line Rd,Knoxville,TX,85975
Jean Ward,54 Edwards Rd,Hartford,MI,70054
Katherine Reid,2979 Washington Ave,Fresno,OH,34197
Peyton Garrett,4059 Mcgowen St,Omaha,IA,37875
Jimmy Bates,5981 Valwood Pkwy,Chula Vista,AZ,46892
Lewis Carpenter,3942 White Oak Dr,Provo,VA,25646
Misty Ortiz,9699 Bollinger Rd,Carlsbad,NC,60129
Lance Silva,6853 W 6th St,West Jordan,KY,61789
Terry Porter,886 Taylor St,Richardson,CT,53013
Jill Simmmons,3771 Smokey Ln,Gresham,VT,44536
Wyatt Freeman,6936 Thornridge Cir,Phoenix,CO,45397
Jo Simmons,5520 N Stelling Rd,Anna,CT,99917
Ashley Payne,5356 W Belt Line Rd,Lowell,WI,19527
Gabe Turner,9558 Mcclellan Rd,Vallejo,NY,73883
Frances Foster,3996 Saddle Dr,York,ND,48499
Patsy Mcdonalid,6841 Hamilton Ave,Belen,HI,94018
Gary Hill,8575 Mockingbird Ln,Sunnyvale,WV,35111
Ben Davidson,3027 Karen Dr,West Palm Beach,IL,99726
Herman Sanders,1906 Oak Lawn Ave,Pompano Beach,UT,14269
James Mendoza,1570 White Oak Dr,Red Oak,UT,57758
Matthew Williamson,7989 Valley View Ln,Seymour,AZ,93152
Alexander Thompson,1231 Frances Ct,Hampton,MS,50415
Freddie Hawkins,1193 Crockett St,Cambridge,SD,80343
Gene Moreno,8714 Mcclellan Rd,Seattle,GA,92644
